"0","(RMSPE_means <- apply(all_RMSPEs, c(1,2), mean))
"
"1","    "
"1","      [,1]"
"1","       [,2]"
"1","       [,3]"
"1","       [,4]"
"1","
[1,]"
"1"," 0.7135869"
"1"," 0.13962004"
"1"," 0.06557205"
"1"," 0.04780251"
"1","
[2,]"
"1"," 0.5996288"
"1"," 0.10234480"
"1"," 0.03198410"
"1"," 0.02328225"
"1","
[3,]"
"1"," 0.5898106"
"1"," 0.09832423"
"1"," 0.03106940"
"1"," 0.02261731"
"1","
"
